
CREATE TABLE [R3](
	[Учитель] [nvarchar](20) NOT NULL,
	[выходной] [int] NULL,
 CONSTRAINT [PK_R3] PRIMARY KEY CLUSTERED 
(
	[Учитель] ASC
)WITH (PAD_INDEX  = OFF, STATISTICS_NORECOMPUTE  = OFF, IGNORE_DUP_KEY = OFF, ALLOW_ROW_LOCKS  = ON, ALLOW_PAGE_LOCKS  = ON) ON [PRIMARY]
) ON [PRIMARY]
GO

GO
INSERT [R3] ([Учитель], [выходной]) VALUES (N'Воробьев', 6)
INSERT [R3] ([Учитель], [выходной]) VALUES (N'Иванов', 6)
INSERT [R3] ([Учитель], [выходной]) VALUES (N'Петров', 6)
INSERT [R3] ([Учитель], [выходной]) VALUES (N'Сидоров', 6)
INSERT [R3] ([Учитель], [выходной]) VALUES (N'Смирнов', 6)
INSERT [R3] ([Учитель], [выходной]) VALUES (N'Соколов', 6)
INSERT [R3] ([Учитель], [выходной]) VALUES (N'Ястребов', 6)
/****** Object:  Table [R6]    Script Date: 04/16/2015 13:13:48 ******/
SET ANSI_NULLS ON
GO
SET QUOTED_IDENTIFIER ON
GO

GO
CREATE TABLE [R6](
	[Кабинет] [int] NOT NULL,
	[Тип] [nvarchar](50) NULL,
	[Вместимость] [int] NULL,
 CONSTRAINT [PK_R6] PRIMARY KEY CLUSTERED 
(
	[Кабинет] ASC
)WITH (PAD_INDEX  = OFF, STATISTICS_NORECOMPUTE  = OFF, IGNORE_DUP_KEY = OFF, ALLOW_ROW_LOCKS  = ON, ALLOW_PAGE_LOCKS  = ON) ON [PRIMARY]
) ON [PRIMARY]
GO

GO
INSERT [R6] ([Кабинет], [Тип], [Вместимость]) VALUES (1, N'Лекционная аудитория', 25)
INSERT [R6] ([Кабинет], [Тип], [Вместимость]) VALUES (2, N'Лекционная аудитория', 20)
INSERT [R6] ([Кабинет], [Тип], [Вместимость]) VALUES (3, N'Лекционная аудитория', 30)
INSERT [R6] ([Кабинет], [Тип], [Вместимость]) VALUES (4, N'Лаборатория', 20)
INSERT [R6] ([Кабинет], [Тип], [Вместимость]) VALUES (5, N'Лаборатория', 20)
INSERT [R6] ([Кабинет], [Тип], [Вместимость]) VALUES (6, N'Лаборатория', 25)
INSERT [R6] ([Кабинет], [Тип], [Вместимость]) VALUES (7, N'Лекционная аудитория', 25)
INSERT [R6] ([Кабинет], [Тип], [Вместимость]) VALUES (8, N'Лекционная аудитория', 25)
INSERT [R6] ([Кабинет], [Тип], [Вместимость]) VALUES (10, N'Лаборатория', 30)
/****** Object:  Table [R5]    Script Date: 04/16/2015 13:13:48 ******/
SET ANSI_NULLS ON
GO
SET QUOTED_IDENTIFIER ON
GO

GO
CREATE TABLE [R5](
	[Класс] [int] NOT NULL,
	[Классный руководитель] [nvarchar](20) NOT NULL,
 CONSTRAINT [PK_R5] PRIMARY KEY CLUSTERED 
(
	[Класс] ASC
)WITH (PAD_INDEX  = OFF, STATISTICS_NORECOMPUTE  = OFF, IGNORE_DUP_KEY = OFF, ALLOW_ROW_LOCKS  = ON, ALLOW_PAGE_LOCKS  = ON) ON [PRIMARY]
) ON [PRIMARY]
GO

GO
INSERT [R5] ([Класс], [Классный руководитель]) VALUES (5, N'Петров')
INSERT [R5] ([Класс], [Классный руководитель]) VALUES (7, N'Иванов')
INSERT [R5] ([Класс], [Классный руководитель]) VALUES (1, N'Воробьев')
/****** Object:  Table [R4]    Script Date: 04/16/2015 13:13:48 ******/
SET ANSI_NULLS ON
GO
SET QUOTED_IDENTIFIER ON
GO
CREATE TABLE [R4](
	[Класс] [int] NOT NULL,
	[Максимальное количество уроков в день] [int] NOT NULL,
	[Максимальная стоимость дня] [int] NOT NULL,
 CONSTRAINT [PK__R4__F037656573FC89AA] PRIMARY KEY CLUSTERED 
(
	[Класс] ASC
)WITH (PAD_INDEX  = OFF, STATISTICS_NORECOMPUTE  = OFF, IGNORE_DUP_KEY = OFF, ALLOW_ROW_LOCKS  = ON, ALLOW_PAGE_LOCKS  = ON) ON [PRIMARY]
) ON [PRIMARY]
GO
INSERT [R4] ([Класс], [Максимальное количество уроков в день], [Максимальная стоимость дня]) VALUES (5, 4, 600)
INSERT [R4] ([Класс], [Максимальное количество уроков в день], [Максимальная стоимость дня]) VALUES (7, 5, 800)
INSERT [R4] ([Класс], [Максимальное количество уроков в день], [Максимальная стоимость дня]) VALUES (1, 4, 500)
/****** Object:  Table [R2]    Script Date: 04/16/2015 13:13:48 ******/
SET ANSI_NULLS ON
GO
SET QUOTED_IDENTIFIER ON
GO

GO
CREATE TABLE [R2](
	[Класс] [int] NOT NULL,
	[Предмет] [nvarchar](20) NOT NULL,
	[Количество уроков в неделю] [int] NULL,
	[Стоимость урока] [int] NULL,
 CONSTRAINT [PK__R2__7015ED076F37D48D] PRIMARY KEY CLUSTERED 
(
	[Класс] ASC,
	[Предмет] ASC
)WITH (PAD_INDEX  = OFF, STATISTICS_NORECOMPUTE  = OFF, IGNORE_DUP_KEY = OFF, ALLOW_ROW_LOCKS  = ON, ALLOW_PAGE_LOCKS  = ON) ON [PRIMARY]
) ON [PRIMARY]
GO

GO
INSERT [R2] ([Класс], [Предмет], [Количество уроков в неделю], [Стоимость урока]) VALUES (5, N'биология', 2, 300)
INSERT [R2] ([Класс], [Предмет], [Количество уроков в неделю], [Стоимость урока]) VALUES (5, N'география', 2, 300)
INSERT [R2] ([Класс], [Предмет], [Количество уроков в неделю], [Стоимость урока]) VALUES (5, N'история', 3, 300)
INSERT [R2] ([Класс], [Предмет], [Количество уроков в неделю], [Стоимость урока]) VALUES (5, N'математика', 5, 100)
INSERT [R2] ([Класс], [Предмет], [Количество уроков в неделю], [Стоимость урока]) VALUES (5, N'русский', 5, 200)
INSERT [R2] ([Класс], [Предмет], [Количество уроков в неделю], [Стоимость урока]) VALUES (5, N'физкультура', 3, 100)
INSERT [R2] ([Класс], [Предмет], [Количество уроков в неделю], [Стоимость урока]) VALUES (7, N'алгебра', 5, 100)
INSERT [R2] ([Класс], [Предмет], [Количество уроков в неделю], [Стоимость урока]) VALUES (7, N'биология', 3, 300)
INSERT [R2] ([Класс], [Предмет], [Количество уроков в неделю], [Стоимость урока]) VALUES (7, N'география', 2, 300)
INSERT [R2] ([Класс], [Предмет], [Количество уроков в неделю], [Стоимость урока]) VALUES (7, N'история', 3, 300)
INSERT [R2] ([Класс], [Предмет], [Количество уроков в неделю], [Стоимость урока]) VALUES (7, N'русский', 4, 200)
INSERT [R2] ([Класс], [Предмет], [Количество уроков в неделю], [Стоимость урока]) VALUES (7, N'физика', 4, 200)
INSERT [R2] ([Класс], [Предмет], [Количество уроков в неделю], [Стоимость урока]) VALUES (7, N'физкультура', 3, 100)
INSERT [R2] ([Класс], [Предмет], [Количество уроков в неделю], [Стоимость урока]) VALUES (7, N'химия', 3, 300)
INSERT [R2] ([Класс], [Предмет], [Количество уроков в неделю], [Стоимость урока]) VALUES (1, N'русский', 4, 200)
INSERT [R2] ([Класс], [Предмет], [Количество уроков в неделю], [Стоимость урока]) VALUES (1, N'математика', 3, 200)
INSERT [R2] ([Класс], [Предмет], [Количество уроков в неделю], [Стоимость урока]) VALUES (1, N'физкультура', 2, 200)
/****** Object:  Table [R1]    Script Date: 04/16/2015 13:13:48 ******/
SET ANSI_NULLS ON
GO
SET QUOTED_IDENTIFIER ON
GO

GO
CREATE TABLE [R1](
	[ID] [int] NOT NULL,
	[Класс] [int] NULL,
	[Предмет] [nvarchar](20) NULL,
	[День недели] [int] NULL,
	[Номер урока] [int] NULL,
	[Учитель] [nvarchar](20) NULL,
	[Кабинет] [int] NULL,
 CONSTRAINT [PK__R1__3214EC27708A54CB] PRIMARY KEY CLUSTERED 
(
	[ID] ASC
)WITH (PAD_INDEX  = OFF, STATISTICS_NORECOMPUTE  = OFF, IGNORE_DUP_KEY = OFF, ALLOW_ROW_LOCKS  = ON, ALLOW_PAGE_LOCKS  = ON) ON [PRIMARY]
) ON [PRIMARY]
GO

GO
INSERT [R1] ([ID], [Класс], [Предмет], [День недели], [Номер урока], [Учитель], [Кабинет]) VALUES (1, 5, N'математика', 1, 1, N'Иванов', 1)
INSERT [R1] ([ID], [Класс], [Предмет], [День недели], [Номер урока], [Учитель], [Кабинет]) VALUES (2, 5, N'русский', 1, 2, N'Петров', 3)
INSERT [R1] ([ID], [Класс], [Предмет], [День недели], [Номер урока], [Учитель], [Кабинет]) VALUES (3, 5, N'биология', 1, 3, N'Сидоров', 6)
INSERT [R1] ([ID], [Класс], [Предмет], [День недели], [Номер урока], [Учитель], [Кабинет]) VALUES (4, 7, N'география', 3, 1, N'Сидоров', 7)
INSERT [R1] ([ID], [Класс], [Предмет], [День недели], [Номер урока], [Учитель], [Кабинет]) VALUES (5, 5, N'математика', 2, 1, N'Иванов', 1)
INSERT [R1] ([ID], [Класс], [Предмет], [День недели], [Номер урока], [Учитель], [Кабинет]) VALUES (6, 5, N'русский', 2, 2, N'Петров', 3)
INSERT [R1] ([ID], [Класс], [Предмет], [День недели], [Номер урока], [Учитель], [Кабинет]) VALUES (7, 5, N'биология', 2, 3, N'Сидоров', 6)
INSERT [R1] ([ID], [Класс], [Предмет], [День недели], [Номер урока], [Учитель], [Кабинет]) VALUES (8, 5, N'география', 1, 4, N'Сидоров', 7)
INSERT [R1] ([ID], [Класс], [Предмет], [День недели], [Номер урока], [Учитель], [Кабинет]) VALUES (9, 5, N'русский', 3, 1, N'Петров', 3)
INSERT [R1] ([ID], [Класс], [Предмет], [День недели], [Номер урока], [Учитель], [Кабинет]) VALUES (10, 5, N'математика', 3, 2, N'Иванов', 1)
INSERT [R1] ([ID], [Класс], [Предмет], [День недели], [Номер урока], [Учитель], [Кабинет]) VALUES (11, 5, N'русский', 4, 1, N'Петров', 3)
INSERT [R1] ([ID], [Класс], [Предмет], [День недели], [Номер урока], [Учитель], [Кабинет]) VALUES (12, 5, N'физкультура', 5, 1, N'Смирнов', 10)
INSERT [R1] ([ID], [Класс], [Предмет], [День недели], [Номер урока], [Учитель], [Кабинет]) VALUES (14, 5, N'география', 4, 2, N'Сидоров', 7)
INSERT [R1] ([ID], [Класс], [Предмет], [День недели], [Номер урока], [Учитель], [Кабинет]) VALUES (15, 5, N'физкультура', 3, 3, N'Смирнов', 10)
INSERT [R1] ([ID], [Класс], [Предмет], [День недели], [Номер урока], [Учитель], [Кабинет]) VALUES (16, 5, N'русский', 5, 2, N'Петров', 3)
INSERT [R1] ([ID], [Класс], [Предмет], [День недели], [Номер урока], [Учитель], [Кабинет]) VALUES (17, 5, N'математика', 4, 3, N'Иванов', 1)
INSERT [R1] ([ID], [Класс], [Предмет], [День недели], [Номер урока], [Учитель], [Кабинет]) VALUES (18, 5, N'математика', 4, 4, N'Иванов', 1)
INSERT [R1] ([ID], [Класс], [Предмет], [День недели], [Номер урока], [Учитель], [Кабинет]) VALUES (19, 5, N'история', 1, 5, N'Соколов', 8)
INSERT [R1] ([ID], [Класс], [Предмет], [День недели], [Номер урока], [Учитель], [Кабинет]) VALUES (20, 5, N'история', 2, 4, N'Соколов', 8)
INSERT [R1] ([ID], [Класс], [Предмет], [День недели], [Номер урока], [Учитель], [Кабинет]) VALUES (21, 5, N'история', 3, 4, N'Соколов', 8)
INSERT [R1] ([ID], [Класс], [Предмет], [День недели], [Номер урока], [Учитель], [Кабинет]) VALUES (22, 7, N'география', 5, 1, N'Сидоров', 7)
INSERT [R1] ([ID], [Класс], [Предмет], [День недели], [Номер урока], [Учитель], [Кабинет]) VALUES (23, 7, N'алгебра', 1, 1, N'Иванов', 2)
INSERT [R1] ([ID], [Класс], [Предмет], [День недели], [Номер урока], [Учитель], [Кабинет]) VALUES (24, 7, N'химия', 1, 2, N'Воробьев', 4)
INSERT [R1] ([ID], [Класс], [Предмет], [День недели], [Номер урока], [Учитель], [Кабинет]) VALUES (25, 7, N'физика', 1, 3, N'Ястребов', 5)
INSERT [R1] ([ID], [Класс], [Предмет], [День недели], [Номер урока], [Учитель], [Кабинет]) VALUES (26, 7, N'физкультура', 1, 4, N'Смирнов', 10)
INSERT [R1] ([ID], [Класс], [Предмет], [День недели], [Номер урока], [Учитель], [Кабинет]) VALUES (27, 7, N'русский', 1, 5, N'Петров', 3)
INSERT [R1] ([ID], [Класс], [Предмет], [День недели], [Номер урока], [Учитель], [Кабинет]) VALUES (28, 7, N'алгебра', 2, 1, N'Иванов', 2)
INSERT [R1] ([ID], [Класс], [Предмет], [День недели], [Номер урока], [Учитель], [Кабинет]) VALUES (29, 7, N'биология', 2, 2, N'Сидоров', 6)
INSERT [R1] ([ID], [Класс], [Предмет], [День недели], [Номер урока], [Учитель], [Кабинет]) VALUES (30, 7, N'география', 2, 3, N'Сидоров', 7)
INSERT [R1] ([ID], [Класс], [Предмет], [День недели], [Номер урока], [Учитель], [Кабинет]) VALUES (31, 7, N'русский', 2, 4, N'Петров', 3)
INSERT [R1] ([ID], [Класс], [Предмет], [День недели], [Номер урока], [Учитель], [Кабинет]) VALUES (32, 7, N'физика', 3, 2, N'Ястребов', 5)
INSERT [R1] ([ID], [Класс], [Предмет], [День недели], [Номер урока], [Учитель], [Кабинет]) VALUES (33, 7, N'химия', 3, 3, N'Воробьев', 4)
INSERT [R1] ([ID], [Класс], [Предмет], [День недели], [Номер урока], [Учитель], [Кабинет]) VALUES (34, 7, N'алгебра', 3, 4, N'Иванов', 2)
INSERT [R1] ([ID], [Класс], [Предмет], [День недели], [Номер урока], [Учитель], [Кабинет]) VALUES (35, 7, N'русский', 3, 5, N'Петров', 3)
INSERT [R1] ([ID], [Класс], [Предмет], [День недели], [Номер урока], [Учитель], [Кабинет]) VALUES (36, 7, N'физкультура', 4, 1, N'Смирнов', 10)
INSERT [R1] ([ID], [Класс], [Предмет], [День недели], [Номер урока], [Учитель], [Кабинет]) VALUES (37, 7, N'физика', 4, 2, N'Ястребов', 5)
INSERT [R1] ([ID], [Класс], [Предмет], [День недели], [Номер урока], [Учитель], [Кабинет]) VALUES (38, 7, N'история', 4, 3, N'Соколов', 8)
INSERT [R1] ([ID], [Класс], [Предмет], [День недели], [Номер урока], [Учитель], [Кабинет]) VALUES (39, 7, N'алгебра', 4, 4, N'Иванов', 2)
INSERT [R1] ([ID], [Класс], [Предмет], [День недели], [Номер урока], [Учитель], [Кабинет]) VALUES (40, 7, N'физика', 5, 2, N'Ястребов', 5)
INSERT [R1] ([ID], [Класс], [Предмет], [День недели], [Номер урока], [Учитель], [Кабинет]) VALUES (41, 7, N'физкультура', 5, 3, N'Смирнов', 10)
INSERT [R1] ([ID], [Класс], [Предмет], [День недели], [Номер урока], [Учитель], [Кабинет]) VALUES (42, 1,N'русский',1,1,N'Петров',4)
INSERT [R1] ([ID], [Класс], [Предмет], [День недели], [Номер урока], [Учитель], [Кабинет]) VALUES (43, 1,N'математика',1,2,N'Иванов',4)
INSERT [R1] ([ID], [Класс], [Предмет], [День недели], [Номер урока], [Учитель], [Кабинет]) VALUES (44, 1,N'математика',1,6,N'Иванов',4)
INSERT [R1] ([ID], [Класс], [Предмет], [День недели], [Номер урока], [Учитель], [Кабинет]) VALUES (45, 1,N'русский',1,4,N'Петров',4)
INSERT [R1] ([ID], [Класс], [Предмет], [День недели], [Номер урока], [Учитель], [Кабинет]) VALUES (46, 1,N'физкультура',1,5,N'Смирнов',4)
INSERT [R1] ([ID], [Класс], [Предмет], [День недели], [Номер урока], [Учитель], [Кабинет]) VALUES (47, 1,N'математика',2,1,N'Иванов',4)
INSERT [R1] ([ID], [Класс], [Предмет], [День недели], [Номер урока], [Учитель], [Кабинет]) VALUES (48, 1,N'математика',2,2,N'Иванов',4)
INSERT [R1] ([ID], [Класс], [Предмет], [День недели], [Номер урока], [Учитель], [Кабинет]) VALUES (49, 1,N'математика',2,3,N'Иванов',4)
INSERT [R1] ([ID], [Класс], [Предмет], [День недели], [Номер урока], [Учитель], [Кабинет]) VALUES (50, 1,N'математика',2,4,N'Иванов',4)
INSERT [R1] ([ID], [Класс], [Предмет], [День недели], [Номер урока], [Учитель], [Кабинет]) VALUES (51, 1,N'математика',2,5,N'Иванов',4)
INSERT [R1] ([ID], [Класс], [Предмет], [День недели], [Номер урока], [Учитель], [Кабинет]) VALUES (52, 1,N'математика',2,6,N'Иванов',4)
INSERT [R1] ([ID], [Класс], [Предмет], [День недели], [Номер урока], [Учитель], [Кабинет]) VALUES (53, 7,N'русский',2,6,N'Петров',3)


/****** Object:  ForeignKey [FK_R1_R2]    Script Date: 04/16/2015 13:13:48 ******/
ALTER TABLE [R1]  WITH CHECK ADD  CONSTRAINT [FK_R1_R2] FOREIGN KEY([Класс], [Предмет])
REFERENCES [R2] ([Класс], [Предмет])
GO
ALTER TABLE [R1] CHECK CONSTRAINT [FK_R1_R2]
GO
/****** Object:  ForeignKey [FK_R1_R3]    Script Date: 04/16/2015 13:13:48 ******/
ALTER TABLE [R1]  WITH CHECK ADD  CONSTRAINT [FK_R1_R3] FOREIGN KEY([Учитель])
REFERENCES [R3] ([Учитель])
GO
ALTER TABLE [R1] CHECK CONSTRAINT [FK_R1_R3]
GO
/****** Object:  ForeignKey [FK_R1_R6]    Script Date: 04/16/2015 13:13:48 ******/
ALTER TABLE [R1]  WITH CHECK ADD  CONSTRAINT [FK_R1_R6] FOREIGN KEY([Кабинет])
REFERENCES [R6] ([Кабинет])
GO
ALTER TABLE [R1] CHECK CONSTRAINT [FK_R1_R6]
GO
/****** Object:  ForeignKey [FK_R2_R4]    Script Date: 04/16/2015 13:13:48 ******/
ALTER TABLE [R2]  WITH CHECK ADD  CONSTRAINT [FK_R2_R4] FOREIGN KEY([Класс])
REFERENCES [R4] ([Класс])
GO
ALTER TABLE [R2] CHECK CONSTRAINT [FK_R2_R4]
GO
/****** Object:  ForeignKey [FK_R4_R5]    Script Date: 04/16/2015 13:13:48 ******/
ALTER TABLE [R4]  WITH CHECK ADD  CONSTRAINT [FK_R4_R5] FOREIGN KEY([Класс])
REFERENCES [R5] ([Класс])
GO
ALTER TABLE [R4] CHECK CONSTRAINT [FK_R4_R5]
GO
/****** Object:  ForeignKey [FK_R5_R3]    Script Date: 04/16/2015 13:13:48 ******/
ALTER TABLE [R5]  WITH CHECK ADD  CONSTRAINT [FK_R5_R3] FOREIGN KEY([Классный руководитель])
REFERENCES [R3] ([Учитель])
GO
ALTER TABLE [R5] CHECK CONSTRAINT [FK_R5_R3]
GO
